"sep=,"
id,payload_encoding,transceived_at,inserted_at,device_id,interface_id,payload,meta.ack,meta.adr_ack_req,meta.chan,meta.codr,meta.confirm,meta.data_rate,meta.datr,meta.dev_nonce,meta.frame_count_up,meta.frame_port,meta.frequency,meta.gateway_stats.router_id,meta.gateway_stats.router_id_hex,meta.gateway_stats.rssi,meta.gateway_stats.snr,meta.gateway_stats.tmst,meta.ipol,meta.lns_packet_uuid,meta.lorawan_toa_ms,meta.mac_commands,meta.modu,meta.powe,meta.region,meta.region_meta.bandwidth,meta.region_meta.bitrate,meta.region_meta.code,meta.region_meta.datarate,meta.region_meta.name,meta.region_meta.spreadingfactor,meta.rfch,meta.rx,meta.size,meta.stat
8bb14bbc-b412-4511-9470-04b2b4be70bc,binary,2021-03-16 11:00:32.371622Z,2021-03-16 11:00:32.392556Z,bc9fb74e-aca2-46c7-a9de-610be5219998,ab123d85-dbd0-4e23-8054-c5a1cf257647,000000000000000000000000000000000000000000000000,false,false,,4/5,false,5,SF7BW125,,749,1,867.5,123656386776823,00007076FF020EF7,-118,2.2,2007765243,,8bb14bbc-b412-4511-9470-04b2b4be70bc,82.176,,LORA,,eu863,125,5470,eu863,5,EU863,7,,,37,1
bbda9096-342a-4f79-a66f-20d1e4848267,binary,2021-03-16 11:00:24.164655Z,2021-03-16 11:00:24.185446Z,bc9fb74e-aca2-46c7-a9de-610be5219998,ab123d85-dbd0-4e23-8054-c5a1cf257647,000000000000000000000000000000000000000000000000,false,false,,4/5,false,5,SF7BW125,,748,1,867.3,123656386776823,00007076FF020EF7,-118,2.8,1999557531,,bbda9096-342a-4f79-a66f-20d1e4848267,82.176,,LORA,,eu863,125,5470,eu863,5,EU863,7,,,37,1
aff9aa03-f094-4b68-84db-a361e30b4ec8,binary,2021-03-16 11:00:15.958734Z,2021-03-16 11:00:15.996555Z,bc9fb74e-aca2-46c7-a9de-610be5219998,ab123d85-dbd0-4e23-8054-c5a1cf257647,000000000000000000000000000000000000000000000000,false,false,,4/5,false,5,SF7BW125,,747,1,867.1,123656386776823,00007076FF020EF7,-120,3.0,1991349827,,aff9aa03-f094-4b68-84db-a361e30b4ec8,82.176,,LORA,,eu863,125,5470,eu863,5,EU863,7,,,37,1
bb8ac981-8298-4404-b22f-377ed4cab16c,binary,2021-03-16 11:00:07.745848Z,2021-03-16 11:00:07.766265Z,bc9fb74e-aca2-46c7-a9de-610be5219998,ab123d85-dbd0-4e23-8054-c5a1cf257647,000000000000000000000000000000000000000000000000,false,false,,4/5,false,5,SF7BW125,,746,1,868.5,123656386776823,00007076FF020EF7,-119,2.5,1983142116,,bb8ac981-8298-4404-b22f-377ed4cab16c,82.176,,LORA,,eu863,125,5470,eu863,5,EU863,7,,,37,1
d95a75f3-829c-4b9e-a257-309e30ca8133,binary,2021-03-16 10:59:59.551645Z,2021-03-16 10:59:59.782883Z,bc9fb74e-aca2-46c7-a9de-610be5219998,ab123d85-dbd0-4e23-8054-c5a1cf257647,000000000000000000000000000000000000000000000000,false,false,,4/5,false,5,SF7BW125,,745,1,868.3,123656386776823,00007076FF020EF7,-118,3.2,1974934412,,d95a75f3-829c-4b9e-a257-309e30ca8133,82.176,,LORA,,eu863,125,5470,eu863,5,EU863,7,,,37,1
a113285d-9864-4531-976d-14c59fc70165,binary,2021-03-16 10:59:51.335025Z,2021-03-16 10:59:51.361225Z,bc9fb74e-aca2-46c7-a9de-610be5219998,ab123d85-dbd0-4e23-8054-c5a1cf257647,000000000000000000000000000000000000000000000000,false,false,,4/5,false,5,SF7BW125,,744,1,868.1,123656386776823,00007076FF020EF7,-118,2.8,1966726692,,a113285d-9864-4531-976d-14c59fc70165,82.176,,LORA,,eu863,125,5470,eu863,5,EU863,7,,,37,1
c48bc1b2-3b1d-4fc1-9aa2-926a010c848f,binary,2021-03-16 10:59:43.340516Z,2021-03-16 10:59:43.362466Z,bc9fb74e-aca2-46c7-a9de-610be5219998,ab123d85-dbd0-4e23-8054-c5a1cf257647,000000000000000000000000000000000000000000000000,false,false,,4/5,false,5,SF7BW125,,743,1,867.9,123656386776823,00007076FF020EF7,-120,2.8,1958519003,,c48bc1b2-3b1d-4fc1-9aa2-926a010c848f,82.176,,LORA,,eu863,125,5470,eu863,5,EU863,7,,,37,1
118451eb-c440-457e-86ed-cfa9d79fd6ff,binary,2021-03-16 10:59:34.918701Z,2021-03-16 10:59:34.939222Z,bc9fb74e-aca2-46c7-a9de-610be5219998,ab123d85-dbd0-4e23-8054-c5a1cf257647,000000000000000000000000000000000000000000000000,false,false,,4/5,false,5,SF7BW125,,742,1,867.7,123656386776823,00007076FF020EF7,-120,2.8,1950311275,,118451eb-c440-457e-86ed-cfa9d79fd6ff,82.176,,LORA,,eu863,125,5470,eu863,5,EU863,7,,,37,1
b63ae51b-4f15-431c-808c-f0ecc1e56d68,binary,2021-03-16 10:59:26.704288Z,2021-03-16 10:59:26.723985Z,bc9fb74e-aca2-46c7-a9de-610be5219998,ab123d85-dbd0-4e23-8054-c5a1cf257647,000000000000000000000000000000000000000000000000,false,false,,4/5,false,5,SF7BW125,,741,1,867.5,123656386776823,00007076FF020EF7,-116,1.8,1942103595,,b63ae51b-4f15-431c-808c-f0ecc1e56d68,82.176,,LORA,,eu863,125,5470,eu863,5,EU863,7,,,37,1
e6d78d6b-79cd-4e0e-bdcc-ca8d3554e774,binary,2021-03-16 10:59:18.500970Z,2021-03-16 10:59:18.554724Z,bc9fb74e-aca2-46c7-a9de-610be5219998,ab123d85-dbd0-4e23-8054-c5a1cf257647,000000000000000000000000000000000000000000000000,false,false,,4/5,false,5,SF7BW125,,740,1,867.3,123656386776823,00007076FF020EF7,-118,2.5,1933895859,,e6d78d6b-79cd-4e0e-bdcc-ca8d3554e774,82.176,,LORA,,eu863,125,5470,eu863,5,EU863,7,,,37,1
f0f4595f-c311-417b-9f63-48d826b516c7,binary,2021-03-16 10:59:10.304265Z,2021-03-16 10:59:10.325193Z,bc9fb74e-aca2-46c7-a9de-610be5219998,ab123d85-dbd0-4e23-8054-c5a1cf257647,000000000000000000000000000000000000000000000000,false,false,,4/5,false,5,SF7BW125,,739,1,867.1,123656386776823,00007076FF020EF7,-120,2.5,1925688163,,f0f4595f-c311-417b-9f63-48d826b516c7,82.176,,LORA,,eu863,125,5470,eu863,5,EU863,7,,,37,1
8245d91a-01d2-41eb-9e73-bf047bb217c3,binary,2021-03-16 10:59:02.093153Z,2021-03-16 10:59:02.115791Z,bc9fb74e-aca2-46c7-a9de-610be5219998,ab123d85-dbd0-4e23-8054-c5a1cf257647,000000000000000000000000000000000000000000000000,false,false,,4/5,false,5,SF7BW125,,738,1,868.5,123656386776823,00007076FF020EF7,-118,2.0,1917480452,,8245d91a-01d2-41eb-9e73-bf047bb217c3,82.176,,LORA,,eu863,125,5470,eu863,5,EU863,7,,,37,1
ffdce67a-f6ae-4e07-ba5a-c3ad3205ba71,binary,2021-03-16 10:58:53.888767Z,2021-03-16 10:58:53.911452Z,bc9fb74e-aca2-46c7-a9de-610be5219998,ab123d85-dbd0-4e23-8054-c5a1cf257647,000000000000000000000000000000000000000000000000,false,false,,4/5,false,5,SF7BW125,,737,1,868.3,123656386776823,00007076FF020EF7,-119,3.0,1909272748,,ffdce67a-f6ae-4e07-ba5a-c3ad3205ba71,82.176,,LORA,,eu863,125,5470,eu863,5,EU863,7,,,37,1
49d7bcf4-9138-459c-92f6-e48ae34c497c,binary,2021-03-16 10:58:45.670516Z,2021-03-16 10:58:45.696352Z,bc9fb74e-aca2-46c7-a9de-610be5219998,ab123d85-dbd0-4e23-8054-c5a1cf257647,000000000000000000000000000000000000000000000000,false,false,,4/5,false,5,SF7BW125,,736,1,868.1,123656386776823,00007076FF020EF7,-120,3.0,1901065036,,49d7bcf4-9138-459c-92f6-e48ae34c497c,82.176,,LORA,,eu863,125,5470,eu863,5,EU863,7,,,37,1
72576fee-feb7-4aad-9931-680145599923,binary,2021-03-16 10:58:37.470214Z,2021-03-16 10:58:37.488034Z,bc9fb74e-aca2-46c7-a9de-610be5219998,ab123d85-dbd0-4e23-8054-c5a1cf257647,000000000000000000000000000000000000000000000000,false,false,,4/5,false,5,SF7BW125,,735,1,867.9,123656386776823,00007076FF020EF7,-118,2.5,1892857331,,72576fee-feb7-4aad-9931-680145599923,82.176,,LORA,,eu863,125,5470,eu863,5,EU863,7,,,37,1
1a365174-e251-4b16-9c8a-72dc5efb2ce9,binary,2021-03-16 10:58:29.252437Z,2021-03-16 10:58:29.273733Z,bc9fb74e-aca2-46c7-a9de-610be5219998,ab123d85-dbd0-4e23-8054-c5a1cf257647,000000000000000000000000000000000000000000000000,false,false,,4/5,false,5,SF7BW125,,734,1,867.7,123656386776823,00007076FF020EF7,-118,2.2,1884649611,,1a365174-e251-4b16-9c8a-72dc5efb2ce9,82.176,,LORA,,eu863,125,5470,eu863,5,EU863,7,,,37,1
e49d753c-e7fc-4ecb-a0c6-740a86b50bcc,binary,2021-03-16 10:58:21.068742Z,2021-03-16 10:58:21.103885Z,bc9fb74e-aca2-46c7-a9de-610be5219998,ab123d85-dbd0-4e23-8054-c5a1cf257647,000000000000000000000000000000000000000000000000,false,false,,4/5,false,5,SF7BW125,,733,1,867.5,123656386776823,00007076FF020EF7,-120,1.8,1876441931,,e49d753c-e7fc-4ecb-a0c6-740a86b50bcc,82.176,,LORA,,eu863,125,5470,eu863,5,EU863,7,,,37,1
61bbe0a0-161d-4f57-a7f1-9c5334dd9005,binary,2021-03-16 10:58:12.851618Z,2021-03-16 10:58:13.090277Z,bc9fb74e-aca2-46c7-a9de-610be5219998,ab123d85-dbd0-4e23-8054-c5a1cf257647,000000000000000000000000000000000000000000000000,false,false,,4/5,false,5,SF7BW125,,732,1,867.3,123656386776823,00007076FF020EF7,-117,2.5,1868234195,,61bbe0a0-161d-4f57-a7f1-9c5334dd9005,82.176,,LORA,,eu863,125,5470,eu863,5,EU863,7,,,37,1
f956a592-5a0a-4d7c-b0ba-691757115ed3,binary,2021-03-16 10:58:04.628219Z,2021-03-16 10:58:04.648783Z,bc9fb74e-aca2-46c7-a9de-610be5219998,ab123d85-dbd0-4e23-8054-c5a1cf257647,000000000000000000000000000000000000000000000000,false,false,,4/5,false,5,SF7BW125,,731,1,867.1,123656386776823,00007076FF020EF7,-119,2.8,1860026507,,f956a592-5a0a-4d7c-b0ba-691757115ed3,82.176,,LORA,,eu863,125,5470,eu863,5,EU863,7,,,37,1
60737e75-0189-4521-9632-352f4dd31ba8,binary,2021-03-16 10:57:56.420782Z,2021-03-16 10:57:56.441137Z,bc9fb74e-aca2-46c7-a9de-610be5219998,ab123d85-dbd0-4e23-8054-c5a1cf257647,000000000000000000000000000000000000000000000000,false,false,,4/5,false,5,SF7BW125,,730,1,868.5,123656386776823,00007076FF020EF7,-118,1.5,1851818772,,60737e75-0189-4521-9632-352f4dd31ba8,82.176,,LORA,,eu863,125,5470,eu863,5,EU863,7,,,37,1
ae7548d1-1d68-4c03-a80a-245877205a66,binary,2021-03-16 10:57:48.240129Z,2021-03-16 10:57:48.262631Z,bc9fb74e-aca2-46c7-a9de-610be5219998,ab123d85-dbd0-4e23-8054-c5a1cf257647,000000000000000000000000000000000000000000000000,false,false,,4/5,false,5,SF7BW125,,729,1,868.3,123656386776823,00007076FF020EF7,-119,3.2,1843611084,,ae7548d1-1d68-4c03-a80a-245877205a66,82.176,,LORA,,eu863,125,5470,eu863,5,EU863,7,,,37,1
d0c7d979-b1a3-41e3-b4fe-181a7cf9212a,binary,2021-03-16 10:57:40.022512Z,2021-03-16 10:57:40.060039Z,bc9fb74e-aca2-46c7-a9de-610be5219998,ab123d85-dbd0-4e23-8054-c5a1cf257647,000000000000000000000000000000000000000000000000,false,false,,4/5,false,5,SF7BW125,,728,1,868.1,123656386776823,00007076FF020EF7,-119,2.8,1835403380,,d0c7d979-b1a3-41e3-b4fe-181a7cf9212a,82.176,,LORA,,eu863,125,5470,eu863,5,EU863,7,,,37,1
57aa1413-c267-4aae-a128-d35a15d164d3,binary,2021-03-16 10:57:32.019497Z,2021-03-16 10:57:32.041914Z,bc9fb74e-aca2-46c7-a9de-610be5219998,ab123d85-dbd0-4e23-8054-c5a1cf257647,000000000000000000000000000000000000000000000000,false,false,,4/5,false,5,SF7BW125,,727,1,867.9,123656386776823,00007076FF020EF7,-120,1.5,1827195667,,57aa1413-c267-4aae-a128-d35a15d164d3,82.176,,LORA,,eu863,125,5470,eu863,5,EU863,7,,,37,1
2be2c28d-6879-4d94-8d8a-e79ae95c2899,binary,2021-03-16 10:57:23.598311Z,2021-03-16 10:57:23.619045Z,bc9fb74e-aca2-46c7-a9de-610be5219998,ab123d85-dbd0-4e23-8054-c5a1cf257647,000000000000000000000000000000000000000000000000,false,false,,4/5,false,5,SF7BW125,,726,1,867.7,123656386776823,00007076FF020EF7,-120,3.0,1818987955,,2be2c28d-6879-4d94-8d8a-e79ae95c2899,82.176,,LORA,,eu863,125,5470,eu863,5,EU863,7,,,37,1
1c01bc4e-1868-4fd8-b9a4-cb4471c5d6f5,binary,2021-03-16 10:57:15.400618Z,2021-03-16 10:57:15.444411Z,bc9fb74e-aca2-46c7-a9de-610be5219998,ab123d85-dbd0-4e23-8054-c5a1cf257647,000000000000000000000000000000000000000000000000,false,false,,4/5,false,5,SF7BW125,,725,1,867.5,123656386776823,00007076FF020EF7,-118,3.0,1810780259,,1c01bc4e-1868-4fd8-b9a4-cb4471c5d6f5,82.176,,LORA,,eu863,125,5470,eu863,5,EU863,7,,,37,1
e132059e-d286-4292-8c73-85f5e25e2372,binary,2021-03-16 10:57:07.191215Z,2021-03-16 10:57:07.214984Z,bc9fb74e-aca2-46c7-a9de-610be5219998,ab123d85-dbd0-4e23-8054-c5a1cf257647,000000000000000000000000000000000000000000000000,false,false,,4/5,false,5,SF7BW125,,724,1,867.3,123656386776823,00007076FF020EF7,-118,3.8,1802572571,,e132059e-d286-4292-8c73-85f5e25e2372,82.176,,LORA,,eu863,125,5470,eu863,5,EU863,7,,,37,1
eee582f6-96e9-435e-85ad-c8043281f099,binary,2021-03-16 10:56:59.184837Z,2021-03-16 10:56:59.208954Z,bc9fb74e-aca2-46c7-a9de-610be5219998,ab123d85-dbd0-4e23-8054-c5a1cf257647,000000000000000000000000000000000000000000000000,false,false,,4/5,false,5,SF7BW125,,723,1,867.1,123656386776823,00007076FF020EF7,-120,3.0,1794364859,,eee582f6-96e9-435e-85ad-c8043281f099,82.176,,LORA,,eu863,125,5470,eu863,5,EU863,7,,,37,1
fac2e9b9-7843-40ef-9618-5320fa8c090b,binary,2021-03-16 10:56:50.764929Z,2021-03-16 10:56:50.793403Z,bc9fb74e-aca2-46c7-a9de-610be5219998,ab123d85-dbd0-4e23-8054-c5a1cf257647,000000000000000000000000000000000000000000000000,false,false,,4/5,false,5,SF7BW125,,722,1,868.5,123656386776823,00007076FF020EF7,-120,2.2,1786157148,,fac2e9b9-7843-40ef-9618-5320fa8c090b,82.176,,LORA,,eu863,125,5470,eu863,5,EU863,7,,,37,1
97d32ea7-e873-411c-a814-1a589ee49419,binary,2021-03-16 10:56:42.560214Z,2021-03-16 10:56:42.609084Z,bc9fb74e-aca2-46c7-a9de-610be5219998,ab123d85-dbd0-4e23-8054-c5a1cf257647,000000000000000000000000000000000000000000000000,false,false,,4/5,false,5,SF7BW125,,721,1,868.3,123656386776823,00007076FF020EF7,-117,2.0,1777949452,,97d32ea7-e873-411c-a814-1a589ee49419,82.176,,LORA,,eu863,125,5470,eu863,5,EU863,7,,,37,1
d81df7b2-2a60-4ce0-967a-bbd600223a82,binary,2021-03-16 10:56:34.347577Z,2021-03-16 10:56:34.369612Z,bc9fb74e-aca2-46c7-a9de-610be5219998,ab123d85-dbd0-4e23-8054-c5a1cf257647,000000000000000000000000000000000000000000000000,false,false,,4/5,false,5,SF7BW125,,720,1,868.1,123656386776823,00007076FF020EF7,-120,2.8,1769741740,,d81df7b2-2a60-4ce0-967a-bbd600223a82,82.176,,LORA,,eu863,125,5470,eu863,5,EU863,7,,,37,1
e359a438-c63b-4010-9b09-c7eea15cc8bd,binary,2021-03-16 10:56:26.157417Z,2021-03-16 10:56:26.180983Z,bc9fb74e-aca2-46c7-a9de-610be5219998,ab123d85-dbd0-4e23-8054-c5a1cf257647,000000000000000000000000000000000000000000000000,false,false,,4/5,false,5,SF7BW125,,719,1,867.9,123656386776823,00007076FF020EF7,-119,2.5,1761534043,,e359a438-c63b-4010-9b09-c7eea15cc8bd,82.176,,LORA,,eu863,125,5470,eu863,5,EU863,7,,,37,1
24264c6f-94ef-4dcd-a11d-55e61bd3abcd,binary,2021-03-16 10:56:17.926357Z,2021-03-16 10:56:17.950878Z,bc9fb74e-aca2-46c7-a9de-610be5219998,ab123d85-dbd0-4e23-8054-c5a1cf257647,000000000000000000000000000000000000000000000000,false,false,,4/5,false,5,SF7BW125,,718,1,867.7,123656386776823,00007076FF020EF7,-117,2.8,1753326315,,24264c6f-94ef-4dcd-a11d-55e61bd3abcd,82.176,,LORA,,eu863,125,5470,eu863,5,EU863,7,,,37,1
29efa0f3-d41a-4770-8900-2eeeb5146c21,binary,2021-03-16 10:56:09.944343Z,2021-03-16 10:56:09.965960Z,bc9fb74e-aca2-46c7-a9de-610be5219998,ab123d85-dbd0-4e23-8054-c5a1cf257647,000000000000000000000000000000000000000000000000,false,false,,4/5,false,5,SF7BW125,,717,1,867.5,123656386776823,00007076FF020EF7,-120,2.2,1745118619,,29efa0f3-d41a-4770-8900-2eeeb5146c21,82.176,,LORA,,eu863,125,5470,eu863,5,EU863,7,,,37,1
37756204-5943-411e-b175-83870c077500,binary,2021-03-16 10:56:01.519574Z,2021-03-16 10:56:01.555237Z,bc9fb74e-aca2-46c7-a9de-610be5219998,ab123d85-dbd0-4e23-8054-c5a1cf257647,000000000000000000000000000000000000000000000000,false,false,,4/5,false,5,SF7BW125,,716,1,867.3,123656386776823,00007076FF020EF7,-119,2.8,1736910899,,37756204-5943-411e-b175-83870c077500,82.176,,LORA,,eu863,125,5470,eu863,5,EU863,7,,,37,1
0ec0af0e-088f-4b3f-befd-9b236d34e365,binary,2021-03-16 10:55:53.321313Z,2021-03-16 10:55:53.348200Z,bc9fb74e-aca2-46c7-a9de-610be5219998,ab123d85-dbd0-4e23-8054-c5a1cf257647,000000000000000000000000000000000000000000000000,false,false,,4/5,false,5,SF7BW125,,715,1,867.1,123656386776823,00007076FF020EF7,-120,3.2,1728703219,,0ec0af0e-088f-4b3f-befd-9b236d34e365,82.176,,LORA,,eu863,125,5470,eu863,5,EU863,7,,,37,1
6d1cb183-b3e3-4dea-8f97-317f9c064baa,binary,2021-03-16 10:55:45.110378Z,2021-03-16 10:55:45.129503Z,bc9fb74e-aca2-46c7-a9de-610be5219998,ab123d85-dbd0-4e23-8054-c5a1cf257647,000000000000000000000000000000000000000000000000,false,false,,4/5,false,5,SF7BW125,,714,1,868.5,123656386776823,00007076FF020EF7,-119,2.2,1720495492,,6d1cb183-b3e3-4dea-8f97-317f9c064baa,82.176,,LORA,,eu863,125,5470,eu863,5,EU863,7,,,37,1
afbfec6c-b1b0-4aec-8f56-e1b5529a5b04,binary,2021-03-16 10:55:36.892094Z,2021-03-16 10:55:36.918157Z,bc9fb74e-aca2-46c7-a9de-610be5219998,ab123d85-dbd0-4e23-8054-c5a1cf257647,000000000000000000000000000000000000000000000000,false,false,,4/5,false,5,SF7BW125,,713,1,868.3,123656386776823,00007076FF020EF7,-116,3.2,1712287788,,afbfec6c-b1b0-4aec-8f56-e1b5529a5b04,82.176,,LORA,,eu863,125,5470,eu863,5,EU863,7,,,37,1
b6360786-1d2a-4c72-9f05-090f658d3a0e,binary,2021-03-16 10:55:28.696453Z,2021-03-16 10:55:28.720562Z,bc9fb74e-aca2-46c7-a9de-610be5219998,ab123d85-dbd0-4e23-8054-c5a1cf257647,000000000000000000000000000000000000000000000000,false,false,,4/5,false,5,SF7BW125,,712,1,868.1,123656386776823,00007076FF020EF7,-118,3.0,1704080084,,b6360786-1d2a-4c72-9f05-090f658d3a0e,82.176,,LORA,,eu863,125,5470,eu863,5,EU863,7,,,37,1
95b71037-4118-4613-ab94-3dd233790682,binary,2021-03-16 10:55:20.482772Z,2021-03-16 10:55:20.508891Z,bc9fb74e-aca2-46c7-a9de-610be5219998,ab123d85-dbd0-4e23-8054-c5a1cf257647,000000000000000000000000000000000000000000000000,false,false,,4/5,false,5,SF7BW125,,711,1,867.9,123656386776823,00007076FF020EF7,-120,2.5,1695872379,,95b71037-4118-4613-ab94-3dd233790682,82.176,,LORA,,eu863,125,5470,eu863,5,EU863,7,,,37,1
d99bb8dc-fc27-4f79-847f-e7e89945fb32,binary,2021-03-16 10:55:12.273042Z,2021-03-16 10:55:12.296459Z,bc9fb74e-aca2-46c7-a9de-610be5219998,ab123d85-dbd0-4e23-8054-c5a1cf257647,000000000000000000000000000000000000000000000000,false,false,,4/5,false,5,SF7BW125,,710,1,867.7,123656386776823,00007076FF020EF7,-119,2.5,1687664659,,d99bb8dc-fc27-4f79-847f-e7e89945fb32,82.176,,LORA,,eu863,125,5470,eu863,5,EU863,7,,,37,1
e51dbf4c-bb8d-42e3-b331-eb356ef7f708,binary,2021-03-16 10:55:04.059994Z,2021-03-16 10:55:04.080439Z,bc9fb74e-aca2-46c7-a9de-610be5219998,ab123d85-dbd0-4e23-8054-c5a1cf257647,000000000000000000000000000000000000000000000000,false,false,,4/5,false,5,SF7BW125,,709,1,867.5,123656386776823,00007076FF020EF7,-120,2.2,1679456963,,e51dbf4c-bb8d-42e3-b331-eb356ef7f708,82.176,,LORA,,eu863,125,5470,eu863,5,EU863,7,,,37,1
0a579d26-c96e-4a87-9d84-cda8ac97b6c2,binary,2021-03-16 10:54:55.849776Z,2021-03-16 10:54:55.873153Z,bc9fb74e-aca2-46c7-a9de-610be5219998,ab123d85-dbd0-4e23-8054-c5a1cf257647,000000000000000000000000000000000000000000000000,false,false,,4/5,false,5,SF7BW125,,708,1,867.3,123656386776823,00007076FF020EF7,-117,2.8,1671249243,,0a579d26-c96e-4a87-9d84-cda8ac97b6c2,82.176,,LORA,,eu863,125,5470,eu863,5,EU863,7,,,37,1
d6409b44-b345-4870-aeec-87ce99489391,binary,2021-03-16 10:54:47.653280Z,2021-03-16 10:54:47.675180Z,bc9fb74e-aca2-46c7-a9de-610be5219998,ab123d85-dbd0-4e23-8054-c5a1cf257647,000000000000000000000000000000000000000000000000,false,false,,4/5,false,5,SF7BW125,,707,1,867.1,123656386776823,00007076FF020EF7,-118,2.2,1663041563,,d6409b44-b345-4870-aeec-87ce99489391,82.176,,LORA,,eu863,125,5470,eu863,5,EU863,7,,,37,1
7a385d7b-1227-4003-ae3e-52d3a49c8198,binary,2021-03-16 10:54:39.663621Z,2021-03-16 10:54:39.684726Z,bc9fb74e-aca2-46c7-a9de-610be5219998,ab123d85-dbd0-4e23-8054-c5a1cf257647,000000000000000000000000000000000000000000000000,false,false,,4/5,false,5,SF7BW125,,706,1,868.5,123656386776823,00007076FF020EF7,-116,2.0,1654833820,,7a385d7b-1227-4003-ae3e-52d3a49c8198,82.176,,LORA,,eu863,125,5470,eu863,5,EU863,7,,,37,1
ffdae36c-b79c-4d5c-a234-6d102db4b5e3,binary,2021-03-16 10:54:31.227531Z,2021-03-16 10:54:31.261009Z,bc9fb74e-aca2-46c7-a9de-610be5219998,ab123d85-dbd0-4e23-8054-c5a1cf257647,000000000000000000000000000000000000000000000000,false,false,,4/5,false,5,SF7BW125,,705,1,868.3,123656386776823,00007076FF020EF7,-118,2.5,1646626124,,ffdae36c-b79c-4d5c-a234-6d102db4b5e3,82.176,,LORA,,eu863,125,5470,eu863,5,EU863,7,,,37,1
72b752c3-ada5-40e2-a5c2-4486137414f1,binary,2021-03-16 10:54:23.022436Z,2021-03-16 10:54:23.043629Z,bc9fb74e-aca2-46c7-a9de-610be5219998,ab123d85-dbd0-4e23-8054-c5a1cf257647,000000000000000000000000000000000000000000000000,false,false,,4/5,false,5,SF7BW125,,704,1,868.1,123656386776823,00007076FF020EF7,-120,3.0,1638418420,,72b752c3-ada5-40e2-a5c2-4486137414f1,82.176,,LORA,,eu863,125,5470,eu863,5,EU863,7,,,37,1
71538652-7c8a-4078-9e32-aa77e7bf7916,binary,2021-03-16 10:54:14.817935Z,2021-03-16 10:54:14.834800Z,bc9fb74e-aca2-46c7-a9de-610be5219998,ab123d85-dbd0-4e23-8054-c5a1cf257647,000000000000000000000000000000000000000000000000,false,false,,4/5,false,5,SF7BW125,,703,1,867.9,123656386776823,00007076FF020EF7,-119,2.2,1630210723,,71538652-7c8a-4078-9e32-aa77e7bf7916,82.176,,LORA,,eu863,125,5470,eu863,5,EU863,7,,,37,1
773ba982-6f54-457f-a54b-e089cde0f994,binary,2021-03-16 10:54:06.601426Z,2021-03-16 10:54:06.620365Z,bc9fb74e-aca2-46c7-a9de-610be5219998,ab123d85-dbd0-4e23-8054-c5a1cf257647,000000000000000000000000000000000000000000000000,false,false,,4/5,false,5,SF7BW125,,702,1,867.7,123656386776823,00007076FF020EF7,-119,2.5,1622003027,,773ba982-6f54-457f-a54b-e089cde0f994,82.176,,LORA,,eu863,125,5470,eu863,5,EU863,7,,,37,1
0c2b9736-f899-49d1-9211-027a93f5d33a,binary,2021-03-16 10:53:58.400155Z,2021-03-16 10:53:58.430896Z,bc9fb74e-aca2-46c7-a9de-610be5219998,ab123d85-dbd0-4e23-8054-c5a1cf257647,000000000000000000000000000000000000000000000000,false,false,,4/5,false,5,SF7BW125,,701,1,867.5,123656386776823,00007076FF020EF7,-118,1.2,1613795315,,0c2b9736-f899-49d1-9211-027a93f5d33a,82.176,,LORA,,eu863,125,5470,eu863,5,EU863,7,,,37,1
ca31d4fe-1ad4-4fb7-b452-adf7b99e8616,binary,2021-03-16 10:53:50.203874Z,2021-03-16 10:53:50.237406Z,bc9fb74e-aca2-46c7-a9de-610be5219998,ab123d85-dbd0-4e23-8054-c5a1cf257647,000000000000000000000000000000000000000000000000,false,false,,4/5,false,5,SF7BW125,,700,1,867.3,123656386776823,00007076FF020EF7,-118,2.0,1605587611,,ca31d4fe-1ad4-4fb7-b452-adf7b99e8616,82.176,,LORA,,eu863,125,5470,eu863,5,EU863,7,,,37,1
2b558d9c-acf2-4af3-bc15-cc5ad72455a1,binary,2021-03-16 10:53:41.984066Z,2021-03-16 10:53:42.006069Z,bc9fb74e-aca2-46c7-a9de-610be5219998,ab123d85-dbd0-4e23-8054-c5a1cf257647,000000000000000000000000000000000000000000000000,false,false,,4/5,false,5,SF7BW125,,699,1,867.1,123656386776823,00007076FF020EF7,-120,3.0,1597379923,,2b558d9c-acf2-4af3-bc15-cc5ad72455a1,82.176,,LORA,,eu863,125,5470,eu863,5,EU863,7,,,37,1
f5b2d17d-09a5-470e-a620-956b7fb810f5,binary,2021-03-16 10:53:33.788680Z,2021-03-16 10:53:33.809906Z,bc9fb74e-aca2-46c7-a9de-610be5219998,ab123d85-dbd0-4e23-8054-c5a1cf257647,000000000000000000000000000000000000000000000000,false,false,,4/5,false,5,SF7BW125,,698,1,868.5,123656386776823,00007076FF020EF7,-119,2.2,1589172212,,f5b2d17d-09a5-470e-a620-956b7fb810f5,82.176,,LORA,,eu863,125,5470,eu863,5,EU863,7,,,37,1
5caf5f11-36ab-496e-86e2-e8d9c24dac15,binary,2021-03-16 10:53:25.565919Z,2021-03-16 10:53:25.604666Z,bc9fb74e-aca2-46c7-a9de-610be5219998,ab123d85-dbd0-4e23-8054-c5a1cf257647,000000000000000000000000000000000000000000000000,false,false,,4/5,false,5,SF7BW125,,697,1,868.3,123656386776823,00007076FF020EF7,-119,2.5,1580964516,,5caf5f11-36ab-496e-86e2-e8d9c24dac15,82.176,,LORA,,eu863,125,5470,eu863,5,EU863,7,,,37,1
bdb85e2f-069a-4e8c-b6c0-93e3c983709c,binary,2021-03-16 10:53:17.368882Z,2021-03-16 10:53:17.392521Z,bc9fb74e-aca2-46c7-a9de-610be5219998,ab123d85-dbd0-4e23-8054-c5a1cf257647,000000000000000000000000000000000000000000000000,false,false,,4/5,false,5,SF7BW125,,696,1,868.1,123656386776823,00007076FF020EF7,-118,3.0,1572756796,,bdb85e2f-069a-4e8c-b6c0-93e3c983709c,82.176,,LORA,,eu863,125,5470,eu863,5,EU863,7,,,37,1
db27c36d-efee-4f9f-bf8e-c54bd30e1c91,binary,2021-03-16 10:53:09.158006Z,2021-03-16 10:53:09.182636Z,bc9fb74e-aca2-46c7-a9de-610be5219998,ab123d85-dbd0-4e23-8054-c5a1cf257647,000000000000000000000000000000000000000000000000,false,false,,4/5,false,5,SF7BW125,,695,1,867.9,123656386776823,00007076FF020EF7,-121,2.5,1564549099,,db27c36d-efee-4f9f-bf8e-c54bd30e1c91,82.176,,LORA,,eu863,125,5470,eu863,5,EU863,7,,,37,1
f829999b-94d6-402e-a713-68154166f15d,binary,2021-03-16 10:53:00.938319Z,2021-03-16 10:53:00.959184Z,bc9fb74e-aca2-46c7-a9de-610be5219998,ab123d85-dbd0-4e23-8054-c5a1cf257647,000000000000000000000000000000000000000000000000,false,false,,4/5,false,5,SF7BW125,,694,1,867.7,123656386776823,00007076FF020EF7,-119,2.8,1556341379,,f829999b-94d6-402e-a713-68154166f15d,82.176,,LORA,,eu863,125,5470,eu863,5,EU863,7,,,37,1
4b1a3e49-1e0f-47dc-b737-358568463893,binary,2021-03-16 10:52:52.736081Z,2021-03-16 10:52:52.759593Z,bc9fb74e-aca2-46c7-a9de-610be5219998,ab123d85-dbd0-4e23-8054-c5a1cf257647,000000000000000000000000000000000000000000000000,false,false,,4/5,false,5,SF7BW125,,693,1,867.5,123656386776823,00007076FF020EF7,-119,2.2,1548133675,,4b1a3e49-1e0f-47dc-b737-358568463893,82.176,,LORA,,eu863,125,5470,eu863,5,EU863,7,,,37,1
1956f5c1-ab48-40da-90f8-9ee7f505122f,binary,2021-03-16 10:52:44.538904Z,2021-03-16 10:52:44.563244Z,bc9fb74e-aca2-46c7-a9de-610be5219998,ab123d85-dbd0-4e23-8054-c5a1cf257647,000000000000000000000000000000000000000000000000,false,false,,4/5,false,5,SF7BW125,,692,1,867.3,123656386776823,00007076FF020EF7,-117,2.5,1539925971,,1956f5c1-ab48-40da-90f8-9ee7f505122f,82.176,,LORA,,eu863,125,5470,eu863,5,EU863,7,,,37,1
37f889ab-e1d5-42e1-a66a-a5b67f27e573,binary,2021-03-16 10:52:36.322971Z,2021-03-16 10:52:36.350463Z,bc9fb74e-aca2-46c7-a9de-610be5219998,ab123d85-dbd0-4e23-8054-c5a1cf257647,000000000000000000000000000000000000000000000000,false,false,,4/5,false,5,SF7BW125,,691,1,867.1,123656386776823,00007076FF020EF7,-118,2.8,1531718267,,37f889ab-e1d5-42e1-a66a-a5b67f27e573,82.176,,LORA,,eu863,125,5470,eu863,5,EU863,7,,,37,1
f17b906c-573b-4eee-9dc5-e2cba96fa1ae,binary,2021-03-16 10:52:28.121953Z,2021-03-16 10:52:28.143488Z,bc9fb74e-aca2-46c7-a9de-610be5219998,ab123d85-dbd0-4e23-8054-c5a1cf257647,000000000000000000000000000000000000000000000000,false,false,,4/5,false,5,SF7BW125,,690,1,868.5,123656386776823,00007076FF020EF7,-118,2.2,1523510548,,f17b906c-573b-4eee-9dc5-e2cba96fa1ae,82.176,,LORA,,eu863,125,5470,eu863,5,EU863,7,,,37,1
9fb054f8-4e77-4b76-8228-18412432b8f6,binary,2021-03-16 10:52:19.948118Z,2021-03-16 10:52:19.968029Z,bc9fb74e-aca2-46c7-a9de-610be5219998,ab123d85-dbd0-4e23-8054-c5a1cf257647,000000000000000000000000000000000000000000000000,false,false,,4/5,false,5,SF7BW125,,689,1,868.3,123656386776823,00007076FF020EF7,-118,2.8,1515302868,,9fb054f8-4e77-4b76-8228-18412432b8f6,82.176,,LORA,,eu863,125,5470,eu863,5,EU863,7,,,37,1
6270fb7b-6388-457e-a338-a28c01096485,binary,2021-03-16 10:52:11.703350Z,2021-03-16 10:52:11.723915Z,bc9fb74e-aca2-46c7-a9de-610be5219998,ab123d85-dbd0-4e23-8054-c5a1cf257647,000000000000000000000000000000000000000000000000,false,false,,4/5,false,5,SF7BW125,,688,1,868.1,123656386776823,00007076FF020EF7,-120,2.0,1507095148,,6270fb7b-6388-457e-a338-a28c01096485,82.176,,LORA,,eu863,125,5470,eu863,5,EU863,7,,,37,1
658af9e9-0814-40f3-bd3a-973054989325,binary,2021-03-16 10:52:03.488148Z,2021-03-16 10:52:03.510287Z,bc9fb74e-aca2-46c7-a9de-610be5219998,ab123d85-dbd0-4e23-8054-c5a1cf257647,000000000000000000000000000000000000000000000000,false,false,,4/5,false,5,SF7BW125,,687,1,867.9,123656386776823,00007076FF020EF7,-120,2.2,1498887443,,658af9e9-0814-40f3-bd3a-973054989325,82.176,,LORA,,eu863,125,5470,eu863,5,EU863,7,,,37,1
9baca91d-8a15-494e-829d-36a778ac0042,binary,2021-03-16 10:51:55.308781Z,2021-03-16 10:51:55.337316Z,bc9fb74e-aca2-46c7-a9de-610be5219998,ab123d85-dbd0-4e23-8054-c5a1cf257647,000000000000000000000000000000000000000000000000,false,false,,4/5,false,5,SF7BW125,,686,1,867.7,123656386776823,00007076FF020EF7,-119,2.5,1490679723,,9baca91d-8a15-494e-829d-36a778ac0042,82.176,,LORA,,eu863,125,5470,eu863,5,EU863,7,,,37,1
7fe6ad2a-ed46-4c52-a409-7e76a0939eb0,binary,2021-03-16 10:51:47.285223Z,2021-03-16 10:51:47.308119Z,bc9fb74e-aca2-46c7-a9de-610be5219998,ab123d85-dbd0-4e23-8054-c5a1cf257647,000000000000000000000000000000000000000000000000,false,false,,4/5,false,5,SF7BW125,,685,1,867.5,123656386776823,00007076FF020EF7,-119,2.0,1482472043,,7fe6ad2a-ed46-4c52-a409-7e76a0939eb0,82.176,,LORA,,eu863,125,5470,eu863,5,EU863,7,,,37,1
c32095dc-0713-46df-8086-abea9af7c401,binary,2021-03-16 10:51:38.872721Z,2021-03-16 10:51:38.897569Z,bc9fb74e-aca2-46c7-a9de-610be5219998,ab123d85-dbd0-4e23-8054-c5a1cf257647,000000000000000000000000000000000000000000000000,false,false,,4/5,false,5,SF7BW125,,684,1,867.3,123656386776823,00007076FF020EF7,-119,3.0,1474264323,,c32095dc-0713-46df-8086-abea9af7c401,82.176,,LORA,,eu863,125,5470,eu863,5,EU863,7,,,37,1
8a70bfee-4ded-4e91-b2b3-972877241677,binary,2021-03-16 10:51:30.669990Z,2021-03-16 10:51:30.690232Z,bc9fb74e-aca2-46c7-a9de-610be5219998,ab123d85-dbd0-4e23-8054-c5a1cf257647,000000000000000000000000000000000000000000000000,false,false,,4/5,false,5,SF7BW125,,683,1,867.1,123656386776823,00007076FF020EF7,-118,2.2,1466056635,,8a70bfee-4ded-4e91-b2b3-972877241677,82.176,,LORA,,eu863,125,5470,eu863,5,EU863,7,,,37,1
f99ad46e-2e96-4ccf-a9fb-a9975f0c53d3,binary,2021-03-16 10:51:22.462051Z,2021-03-16 10:51:22.486491Z,bc9fb74e-aca2-46c7-a9de-610be5219998,ab123d85-dbd0-4e23-8054-c5a1cf257647,000000000000000000000000000000000000000000000000,false,false,,4/5,false,5,SF7BW125,,682,1,868.5,123656386776823,00007076FF020EF7,-119,1.2,1457848916,,f99ad46e-2e96-4ccf-a9fb-a9975f0c53d3,82.176,,LORA,,eu863,125,5470,eu863,5,EU863,7,,,37,1
922cd288-c1f6-4c48-ab3b-7b6075f2ae08,binary,2021-03-16 10:51:14.247313Z,2021-03-16 10:51:14.270919Z,bc9fb74e-aca2-46c7-a9de-610be5219998,ab123d85-dbd0-4e23-8054-c5a1cf257647,000000000000000000000000000000000000000000000000,false,false,,4/5,false,5,SF7BW125,,681,1,868.3,123656386776823,00007076FF020EF7,-118,3.5,1449641220,,922cd288-c1f6-4c48-ab3b-7b6075f2ae08,82.176,,LORA,,eu863,125,5470,eu863,5,EU863,7,,,37,1
a14d8a16-b3ba-446a-9870-abab6abcead6,binary,2021-03-16 10:51:06.059561Z,2021-03-16 10:51:06.083388Z,bc9fb74e-aca2-46c7-a9de-610be5219998,ab123d85-dbd0-4e23-8054-c5a1cf257647,000000000000000000000000000000000000000000000000,false,false,,4/5,false,5,SF7BW125,,680,1,868.1,123656386776823,00007076FF020EF7,-120,1.2,1441433500,,a14d8a16-b3ba-446a-9870-abab6abcead6,82.176,,LORA,,eu863,125,5470,eu863,5,EU863,7,,,37,1
6b7958b1-7a58-4ce7-b2ee-0f9bfe1355d9,binary,2021-03-16 10:50:57.841489Z,2021-03-16 10:50:57.864236Z,bc9fb74e-aca2-46c7-a9de-610be5219998,ab123d85-dbd0-4e23-8054-c5a1cf257647,000000000000000000000000000000000000000000000000,false,false,,4/5,false,5,SF7BW125,,679,1,867.9,123656386776823,00007076FF020EF7,-120,3.0,1433225811,,6b7958b1-7a58-4ce7-b2ee-0f9bfe1355d9,82.176,,LORA,,eu863,125,5470,eu863,5,EU863,7,,,37,1
8da97790-7a08-427f-b3e9-074f5331fc7f,binary,2021-03-16 10:50:49.626155Z,2021-03-16 10:50:49.705037Z,bc9fb74e-aca2-46c7-a9de-610be5219998,ab123d85-dbd0-4e23-8054-c5a1cf257647,000000000000000000000000000000000000000000000000,false,false,,4/5,false,5,SF7BW125,,678,1,867.7,123656386776823,00007076FF020EF7,-117,2.8,1425018099,,8da97790-7a08-427f-b3e9-074f5331fc7f,82.176,,LORA,,eu863,125,5470,eu863,5,EU863,7,,,37,1
494d9466-2a42-42ad-a5ba-7b5cc1a92ef2,binary,2021-03-16 10:50:41.412186Z,2021-03-16 10:50:41.435391Z,bc9fb74e-aca2-46c7-a9de-610be5219998,ab123d85-dbd0-4e23-8054-c5a1cf257647,000000000000000000000000000000000000000000000000,false,false,,4/5,false,5,SF7BW125,,677,1,867.5,123656386776823,00007076FF020EF7,-119,2.2,1416810403,,494d9466-2a42-42ad-a5ba-7b5cc1a92ef2,82.176,,LORA,,eu863,125,5470,eu863,5,EU863,7,,,37,1
3b986b40-5f99-4dd3-b44b-248147aa2071,binary,2021-03-16 10:50:33.204257Z,2021-03-16 10:50:33.226740Z,bc9fb74e-aca2-46c7-a9de-610be5219998,ab123d85-dbd0-4e23-8054-c5a1cf257647,000000000000000000000000000000000000000000000000,false,false,,4/5,false,5,SF7BW125,,676,1,867.3,123656386776823,00007076FF020EF7,-119,2.2,1408602707,,3b986b40-5f99-4dd3-b44b-248147aa2071,82.176,,LORA,,eu863,125,5470,eu863,5,EU863,7,,,37,1
b66ead96-0c8e-4fbf-aa29-5b332c700e0c,binary,2021-03-16 10:50:25.025186Z,2021-03-16 10:50:25.048804Z,bc9fb74e-aca2-46c7-a9de-610be5219998,ab123d85-dbd0-4e23-8054-c5a1cf257647,000000000000000000000000000000000000000000000000,false,false,,4/5,false,5,SF7BW125,,675,1,867.1,123656386776823,00007076FF020EF7,-120,1.5,1400395011,,b66ead96-0c8e-4fbf-aa29-5b332c700e0c,82.176,,LORA,,eu863,125,5470,eu863,5,EU863,7,,,37,1
82eee98c-f639-47f3-9aa4-3c9b4fe51e39,binary,2021-03-16 10:50:16.793286Z,2021-03-16 10:50:16.814526Z,bc9fb74e-aca2-46c7-a9de-610be5219998,ab123d85-dbd0-4e23-8054-c5a1cf257647,000000000000000000000000000000000000000000000000,false,false,,4/5,false,5,SF7BW125,,674,1,868.5,123656386776823,00007076FF020EF7,-119,2.0,1392187276,,82eee98c-f639-47f3-9aa4-3c9b4fe51e39,82.176,,LORA,,eu863,125,5470,eu863,5,EU863,7,,,37,1
66328b85-62bc-46c8-a8f0-d7b9815dba00,binary,2021-03-16 10:50:08.584612Z,2021-03-16 10:50:08.605862Z,bc9fb74e-aca2-46c7-a9de-610be5219998,ab123d85-dbd0-4e23-8054-c5a1cf257647,000000000000000000000000000000000000000000000000,false,false,,4/5,false,5,SF7BW125,,673,1,868.3,123656386776823,00007076FF020EF7,-117,2.2,1383979580,,66328b85-62bc-46c8-a8f0-d7b9815dba00,82.176,,LORA,,eu863,125,5470,eu863,5,EU863,7,,,37,1
ca32b1cc-c592-4461-aba8-88799646274f,binary,2021-03-16 10:50:00.587288Z,2021-03-16 10:50:00.627904Z,bc9fb74e-aca2-46c7-a9de-610be5219998,ab123d85-dbd0-4e23-8054-c5a1cf257647,000000000000000000000000000000000000000000000000,false,false,,4/5,false,5,SF7BW125,,672,1,868.1,123656386776823,00007076FF020EF7,-120,2.5,1375771868,,ca32b1cc-c592-4461-aba8-88799646274f,82.176,,LORA,,eu863,125,5470,eu863,5,EU863,7,,,37,1
14648fe3-3af6-4ddd-b5e0-426fdcf892c6,binary,2021-03-16 10:49:52.170783Z,2021-03-16 10:49:52.198933Z,bc9fb74e-aca2-46c7-a9de-610be5219998,ab123d85-dbd0-4e23-8054-c5a1cf257647,000000000000000000000000000000000000000000000000,false,false,,4/5,false,5,SF7BW125,,671,1,867.9,123656386776823,00007076FF020EF7,-120,2.5,1367564171,,14648fe3-3af6-4ddd-b5e0-426fdcf892c6,82.176,,LORA,,eu863,125,5470,eu863,5,EU863,7,,,37,1
ba221bb8-2003-415c-a439-23c605e310cb,binary,2021-03-16 10:49:43.981936Z,2021-03-16 10:49:44.003238Z,bc9fb74e-aca2-46c7-a9de-610be5219998,ab123d85-dbd0-4e23-8054-c5a1cf257647,000000000000000000000000000000000000000000000000,false,false,,4/5,false,5,SF7BW125,,670,1,867.7,123656386776823,00007076FF020EF7,-120,2.2,1359356443,,ba221bb8-2003-415c-a439-23c605e310cb,82.176,,LORA,,eu863,125,5470,eu863,5,EU863,7,,,37,1
0da4bd2f-5eff-4df1-96c3-02265d5e94c3,binary,2021-03-16 10:49:35.765207Z,2021-03-16 10:49:35.790340Z,bc9fb74e-aca2-46c7-a9de-610be5219998,ab123d85-dbd0-4e23-8054-c5a1cf257647,000000000000000000000000000000000000000000000000,false,false,,4/5,false,5,SF7BW125,,669,1,867.5,123656386776823,00007076FF020EF7,-120,2.2,1351148747,,0da4bd2f-5eff-4df1-96c3-02265d5e94c3,82.176,,LORA,,eu863,125,5470,eu863,5,EU863,7,,,37,1
5a6e57c2-7c8c-4803-88fd-f15d1dc4cdef,binary,2021-03-16 10:49:27.546219Z,2021-03-16 10:49:27.570460Z,bc9fb74e-aca2-46c7-a9de-610be5219998,ab123d85-dbd0-4e23-8054-c5a1cf257647,000000000000000000000000000000000000000000000000,false,false,,4/5,false,5,SF7BW125,,668,1,867.3,123656386776823,00007076FF020EF7,-119,2.8,1342941051,,5a6e57c2-7c8c-4803-88fd-f15d1dc4cdef,82.176,,LORA,,eu863,125,5470,eu863,5,EU863,7,,,37,1
19acc1fb-4532-4bea-863b-3caf9acb52fd,binary,2021-03-16 10:49:19.351097Z,2021-03-16 10:49:19.373963Z,bc9fb74e-aca2-46c7-a9de-610be5219998,ab123d85-dbd0-4e23-8054-c5a1cf257647,000000000000000000000000000000000000000000000000,false,false,,4/5,false,5,SF7BW125,,667,1,867.1,123656386776823,00007076FF020EF7,-120,2.2,1334733347,,19acc1fb-4532-4bea-863b-3caf9acb52fd,82.176,,LORA,,eu863,125,5470,eu863,5,EU863,7,,,37,1
3fa22958-fbf6-4bd7-aa92-c160fa32f41a,binary,2021-03-16 10:49:11.138119Z,2021-03-16 10:49:11.165969Z,bc9fb74e-aca2-46c7-a9de-610be5219998,ab123d85-dbd0-4e23-8054-c5a1cf257647,000000000000000000000000000000000000000000000000,false,false,,4/5,false,5,SF7BW125,,666,1,868.5,123656386776823,00007076FF020EF7,-117,2.0,1326525636,,3fa22958-fbf6-4bd7-aa92-c160fa32f41a,82.176,,LORA,,eu863,125,5470,eu863,5,EU863,7,,,37,1
6544f671-2d69-4d6a-ab85-62184ef401e4,binary,2021-03-16 10:49:02.919021Z,2021-03-16 10:49:02.942388Z,bc9fb74e-aca2-46c7-a9de-610be5219998,ab123d85-dbd0-4e23-8054-c5a1cf257647,000000000000000000000000000000000000000000000000,false,false,,4/5,false,5,SF7BW125,,665,1,868.3,123656386776823,00007076FF020EF7,-117,4.0,1318317940,,6544f671-2d69-4d6a-ab85-62184ef401e4,82.176,,LORA,,eu863,125,5470,eu863,5,EU863,7,,,37,1
8d28f9a8-3202-4079-b49e-fea94880b43e,binary,2021-03-16 10:48:54.723258Z,2021-03-16 10:48:54.749345Z,bc9fb74e-aca2-46c7-a9de-610be5219998,ab123d85-dbd0-4e23-8054-c5a1cf257647,000000000000000000000000000000000000000000000000,false,false,,4/5,false,5,SF7BW125,,664,1,868.1,123656386776823,00007076FF020EF7,-119,3.0,1310110220,,8d28f9a8-3202-4079-b49e-fea94880b43e,82.176,,LORA,,eu863,125,5470,eu863,5,EU863,7,,,37,1
8d40955c-8b7f-48f7-86da-b606b090d3d5,binary,2021-03-16 10:48:46.510210Z,2021-03-16 10:48:46.532497Z,bc9fb74e-aca2-46c7-a9de-610be5219998,ab123d85-dbd0-4e23-8054-c5a1cf257647,000000000000000000000000000000000000000000000000,false,false,,4/5,false,5,SF7BW125,,663,1,867.9,123656386776823,00007076FF020EF7,-120,3.0,1301902539,,8d40955c-8b7f-48f7-86da-b606b090d3d5,82.176,,LORA,,eu863,125,5470,eu863,5,EU863,7,,,37,1
37edaa07-eeaa-4b5a-8391-c5143616543d,binary,2021-03-16 10:48:38.300020Z,2021-03-16 10:48:38.322491Z,bc9fb74e-aca2-46c7-a9de-610be5219998,ab123d85-dbd0-4e23-8054-c5a1cf257647,000000000000000000000000000000000000000000000000,false,false,,4/5,false,5,SF7BW125,,662,1,867.7,123656386776823,00007076FF020EF7,-119,2.8,1293694803,,37edaa07-eeaa-4b5a-8391-c5143616543d,82.176,,LORA,,eu863,125,5470,eu863,5,EU863,7,,,37,1
c39999d2-8e8d-4983-a14d-21f50c4d74fd,binary,2021-03-16 10:48:30.092068Z,2021-03-16 10:48:30.113655Z,bc9fb74e-aca2-46c7-a9de-610be5219998,ab123d85-dbd0-4e23-8054-c5a1cf257647,000000000000000000000000000000000000000000000000,false,false,,4/5,false,5,SF7BW125,,661,1,867.5,123656386776823,00007076FF020EF7,-120,1.8,1285487107,,c39999d2-8e8d-4983-a14d-21f50c4d74fd,82.176,,LORA,,eu863,125,5470,eu863,5,EU863,7,,,37,1
4d275f16-53ec-470c-b2e3-a67b589aff5d,binary,2021-03-16 10:48:21.883508Z,2021-03-16 10:48:21.911268Z,bc9fb74e-aca2-46c7-a9de-610be5219998,ab123d85-dbd0-4e23-8054-c5a1cf257647,000000000000000000000000000000000000000000000000,false,false,,4/5,false,5,SF7BW125,,660,1,867.3,123656386776823,00007076FF020EF7,-118,3.0,1277279395,,4d275f16-53ec-470c-b2e3-a67b589aff5d,82.176,,LORA,,eu863,125,5470,eu863,5,EU863,7,,,37,1
fc1ffa3b-0265-4a6e-8d5e-175128522b83,binary,2021-03-16 10:48:13.673682Z,2021-03-16 10:48:13.692678Z,bc9fb74e-aca2-46c7-a9de-610be5219998,ab123d85-dbd0-4e23-8054-c5a1cf257647,000000000000000000000000000000000000000000000000,false,false,,4/5,false,5,SF7BW125,,659,1,867.1,123656386776823,00007076FF020EF7,-119,2.8,1269071691,,fc1ffa3b-0265-4a6e-8d5e-175128522b83,82.176,,LORA,,eu863,125,5470,eu863,5,EU863,7,,,37,1
40cafc1d-ed8a-4f11-b74a-06f96df16563,binary,2021-03-16 10:48:05.506770Z,2021-03-16 10:48:05.526843Z,bc9fb74e-aca2-46c7-a9de-610be5219998,ab123d85-dbd0-4e23-8054-c5a1cf257647,000000000000000000000000000000000000000000000000,false,false,,4/5,false,5,SF7BW125,,658,1,868.5,123656386776823,00007076FF020EF7,-119,2.5,1260863980,,40cafc1d-ed8a-4f11-b74a-06f96df16563,82.176,,LORA,,eu863,125,5470,eu863,5,EU863,7,,,37,1
d578a810-9cc0-44af-b9d9-f724d6dd1857,binary,2021-03-16 10:47:57.262853Z,2021-03-16 10:47:57.283568Z,bc9fb74e-aca2-46c7-a9de-610be5219998,ab123d85-dbd0-4e23-8054-c5a1cf257647,000000000000000000000000000000000000000000000000,false,false,,4/5,false,5,SF7BW125,,657,1,868.3,123656386776823,00007076FF020EF7,-117,2.8,1252656292,,d578a810-9cc0-44af-b9d9-f724d6dd1857,82.176,,LORA,,eu863,125,5470,eu863,5,EU863,7,,,37,1
ef63a202-7496-4d7b-a455-6fef75c3a45e,binary,2021-03-16 10:47:49.049881Z,2021-03-16 10:47:49.068822Z,bc9fb74e-aca2-46c7-a9de-610be5219998,ab123d85-dbd0-4e23-8054-c5a1cf257647,000000000000000000000000000000000000000000000000,false,false,,4/5,false,5,SF7BW125,,656,1,868.1,123656386776823,00007076FF020EF7,-118,3.0,1244448580,,ef63a202-7496-4d7b-a455-6fef75c3a45e,82.176,,LORA,,eu863,125,5470,eu863,5,EU863,7,,,37,1
7cffbb1d-2f03-494d-ab5d-72ea23c1cedf,binary,2021-03-16 10:47:40.848488Z,2021-03-16 10:47:40.873403Z,bc9fb74e-aca2-46c7-a9de-610be5219998,ab123d85-dbd0-4e23-8054-c5a1cf257647,000000000000000000000000000000000000000000000000,false,false,,4/5,false,5,SF7BW125,,655,1,867.9,123656386776823,00007076FF020EF7,-119,2.2,1236240875,,7cffbb1d-2f03-494d-ab5d-72ea23c1cedf,82.176,,LORA,,eu863,125,5470,eu863,5,EU863,7,,,37,1
282b55bb-d807-45ee-a323-a2ce2def72aa,binary,2021-03-16 10:47:32.642810Z,2021-03-16 10:47:32.665364Z,bc9fb74e-aca2-46c7-a9de-610be5219998,ab123d85-dbd0-4e23-8054-c5a1cf257647,000000000000000000000000000000000000000000000000,false,false,,4/5,false,5,SF7BW125,,654,1,867.7,123656386776823,00007076FF020EF7,-120,3.0,1228033163,,282b55bb-d807-45ee-a323-a2ce2def72aa,82.176,,LORA,,eu863,125,5470,eu863,5,EU863,7,,,37,1
bcac8513-c7fe-4419-8529-158c01fb29d9,binary,2021-03-16 10:47:24.453299Z,2021-03-16 10:47:24.491820Z,bc9fb74e-aca2-46c7-a9de-610be5219998,ab123d85-dbd0-4e23-8054-c5a1cf257647,000000000000000000000000000000000000000000000000,false,false,,4/5,false,5,SF7BW125,,653,1,867.5,123656386776823,00007076FF020EF7,-119,2.5,1219825467,,bcac8513-c7fe-4419-8529-158c01fb29d9,82.176,,LORA,,eu863,125,5470,eu863,5,EU863,7,,,37,1
3ec7c8cb-c2f6-40c4-8a5e-46a0b7d5dcc2,binary,2021-03-16 10:47:16.231694Z,2021-03-16 10:47:16.254160Z,bc9fb74e-aca2-46c7-a9de-610be5219998,ab123d85-dbd0-4e23-8054-c5a1cf257647,000000000000000000000000000000000000000000000000,false,false,,4/5,false,5,SF7BW125,,652,1,867.3,123656386776823,00007076FF020EF7,-119,2.8,1211617747,,3ec7c8cb-c2f6-40c4-8a5e-46a0b7d5dcc2,82.176,,LORA,,eu863,125,5470,eu863,5,EU863,7,,,37,1
d2dbe6d5-6b5e-40d3-b7ef-011fcf6b9f97,binary,2021-03-16 10:47:08.023608Z,2021-03-16 10:47:08.047314Z,bc9fb74e-aca2-46c7-a9de-610be5219998,ab123d85-dbd0-4e23-8054-c5a1cf257647,000000000000000000000000000000000000000000000000,false,false,,4/5,false,5,SF7BW125,,651,1,867.1,123656386776823,00007076FF020EF7,-120,2.0,1203410051,,d2dbe6d5-6b5e-40d3-b7ef-011fcf6b9f97,82.176,,LORA,,eu863,125,5470,eu863,5,EU863,7,,,37,1
5a877bd6-7581-4f0d-ba0d-cfe610a03021,binary,2021-03-16 10:46:59.809595Z,2021-03-16 10:46:59.830760Z,bc9fb74e-aca2-46c7-a9de-610be5219998,ab123d85-dbd0-4e23-8054-c5a1cf257647,000000000000000000000000000000000000000000000000,false,false,,4/5,false,5,SF7BW125,,650,1,868.5,123656386776823,00007076FF020EF7,-119,2.0,1195202332,,5a877bd6-7581-4f0d-ba0d-cfe610a03021,82.176,,LORA,,eu863,125,5470,eu863,5,EU863,7,,,37,1
